"Experiment","power","effect_size"
"Exp1",100,0.253808523311603
"Exp1",100,0.132196327140134
"Exp1",100,0.0797270603110565
"Exp1",100,0.0533256119024594
"Exp1",100,0.037973113175169
