"Experiment","power","effect_size"
"Exp3",100,0.330513280301996
"Exp3",100,0.180471648591357
"Exp3",100,0.112175433636004
"Exp3",100,0.0754490105077388
"Exp3",99.5,0.0535713471350713
