"","Effect","DFn","DFd","SSn","SSd","F","p","p..05","pes"
"1","(Intercept)",1,29,204.8908871886,0.242255398119109,24527.1551205971,5.18422150530862e-44,"*",0.998819033360167
"2","posture",1,29,0.0121540979672934,0.123099400428251,2.86328641589889,0.101341591106123,"",0.0898616162352352
"3","con",1,29,0.271999101637009,0.117039742858508,67.3956876085176,4.72934877629121e-09,"*",0.699156666449905
"4","switch",1,29,0.140303177174587,0.0646447028614328,62.9408436880677,9.48283504201522e-09,"*",0.684579792432732
"5","posture:con",1,29,0.00273442386702157,0.0470821029062047,1.68425552914662,0.204588162869362,"",0.0548898938593041
"6","posture:switch",1,29,0.00709918012110913,0.0371553388795882,5.54095938081365,0.0255640801548103,"*",0.160417066582449
"7","con:switch",1,29,0.0324863695673167,0.040371013743868,23.3361669694331,4.05982892894287e-05,"*",0.445889875409916
"8","posture:con:switch",1,29,0.000524439190160057,0.0303174780553214,0.50164913080467,0.484430932918924,"",0.0170041047054846
