"","Effect","DFn","DFd","SSn","SSd","F","p","p..05","pes"
"1","(Intercept)",1,29,204.8908871886,0.242255398119109,24527.1551205971,5.18422150530862e-44,"*",0.998819033360167
"2","posture",1,29,0.0121540979672933,0.123099400428251,2.86328641589887,0.101341591106124,"",0.0898616162352345
"3","con",1,29,0.271999101637008,0.117039742858508,67.3956876085173,4.72934877629138e-09,"*",0.699156666449904
"4","switch",1,29,0.140303177174587,0.0646447028614329,62.9408436880675,9.48283504201549e-09,"*",0.684579792432732
"5","posture:con",1,29,0.00273442386702173,0.0470821029062047,1.68425552914672,0.204588162869349,"",0.0548898938593071
"6","posture:switch",1,29,0.00709918012110949,0.0371553388795882,5.54095938081395,0.0255640801548067,"*",0.160417066582456
"7","con:switch",1,29,0.0324863695673168,0.040371013743868,23.3361669694332,4.05982892894274e-05,"*",0.445889875409918
"8","posture:con:switch",1,29,0.000524439190160076,0.0303174780553214,0.501649130804689,0.484430932918915,"",0.0170041047054852
