"","Effect","DFn","DFd","SSn","SSd","F","p","p..05","pes"
"1","(Intercept)",1,50,142.870499873283,4.29367155368456,1663.73345151052,4.80984520371411e-40,"*",0.970823934167867
"2","posture",1,50,3.97959545613941e-05,0.433474167538031,0.00459034903826218,0.946253177021082,"",9.17985530172525e-05
"3","congruentTrialType",1,50,0.136393804394476,0.144780680632114,47.1035927580183,9.82366056984642e-09,"*",0.485085993423541
"4","switchTrialType",1,50,0.468202209764599,0.164859633383182,142.000258085119,3.1959520763786e-16,"*",0.739583683383208
"5","posture:congruentTrialType",1,50,0.000426660748340114,0.0654582962190434,0.325902729664989,0.570638758296935,"",0.00647584468411102
"6","posture:switchTrialType",1,50,8.70057562230738e-05,0.0521106124241727,0.0834818016672494,0.773827862528567,"",0.00166685299552138
"7","congruentTrialType:switchTrialType",1,50,0.00991473276319855,0.0460719653714463,10.7600497214119,0.00189341933514898,"*",0.177090864321989
"8","posture:congruentTrialType:switchTrialType",1,50,0.000576939516253435,0.0699582005937672,0.412345880366194,0.523714633904487,"",0.00817946225602621
