"","Effect","DFn","DFd","SSn","SSd","MSE","F","p","p..05","pes"
"1","(Intercept)",1,50,333.161605831704,0.843927192450227,NA,19738.764718815,1.30195184257206e-66,"*",0.997473313735826
"2","posture",1,50,0.00938694267608748,0.442041487098479,0.00884082974196958,1.06177168320812,0.307770291291102,"",0.0207938668833399
"3","congruentTrialType",1,50,0.857757855249153,0.430341364563473,0.00860682729126947,99.6601681689651,1.7024440969863e-13,"*",0.665909770036137
"4","switchTrialType",1,50,0.263337680757823,0.143054067888471,0.00286108135776943,92.0413115980483,6.36728248991285e-13,"*",0.647989733145445
"5","posture:congruentTrialType",1,50,0.000103852578143851,0.209200921226623,0.00418401842453246,0.0248212525869687,0.875447804212835,"",0.000496178736184591
"6","posture:switchTrialType",1,50,0.00176773142024994,0.120001073103044,0.00240002146206089,0.736548171836761,0.394864376533922,"",0.014517112384985
"7","congruentTrialType:switchTrialType",1,50,0.0885122045912076,0.0757362440013621,0.00151472488002724,58.434508971435,5.92530245822775e-10,"*",0.538892180411205
"8","posture:congruentTrialType:switchTrialType",1,50,0.00236023025628865,0.0940142740597819,0.00188028548119564,1.25525101368534,0.267904698662295,"",0.0244901934701322
