"","Effect","DFn","DFd","SSn","SSd","MSE","F","p","p..05","pes"
"1","(Intercept)",1,50,333.161605831704,0.843927192450227,NA,19738.764718815,1.30195184257206e-66,"*",0.997473313735826
"2","posture",1,50,0.00938694267608802,0.442041487098479,0.00884082974196959,1.06177168320818,0.307770291291088,"",0.020793866883341
"3","congruentTrialType",1,50,0.857757855249155,0.430341364563473,0.00860682729126946,99.6601681689653,1.70244409698621e-13,"*",0.665909770036137
"4","switchTrialType",1,50,0.263337680757822,0.143054067888471,0.00286108135776942,92.0413115980479,6.36728248991331e-13,"*",0.647989733145444
"5","posture:congruentTrialType",1,50,0.000103852578143851,0.209200921226623,0.00418401842453245,0.0248212525869687,0.875447804212835,"",0.000496178736184591
"6","posture:switchTrialType",1,50,0.00176773142025008,0.120001073103044,0.00240002146206088,0.736548171836822,0.394864376533903,"",0.0145171123849862
"7","congruentTrialType:switchTrialType",1,50,0.0885122045912069,0.0757362440013621,0.00151472488002724,58.4345089714345,5.92530245822837e-10,"*",0.538892180411203
"8","posture:congruentTrialType:switchTrialType",1,50,0.00236023025628885,0.094014274059782,0.00188028548119564,1.25525101368544,0.267904698662277,"",0.0244901934701341
