"","Effect","DFn","DFd","SSn","SSd","MSE","F","p","p..05","pes"
"1","(Intercept)",1,50,142.870499873283,4.29367155368456,NA,1663.73345151052,4.80984520371411e-40,"*",0.970823934167867
"2","posture",1,50,3.97959545613976e-05,0.433474167538031,0.00866948335076063,0.00459034903826259,0.946253177021079,"",9.17985530172607e-05
"3","congruentTrialType",1,50,0.136393804394477,0.144780680632114,0.00289561361264227,47.1035927580186,9.8236605698456e-09,"*",0.485085993423543
"4","switchTrialType",1,50,0.468202209764599,0.164859633383182,0.00329719266766364,142.000258085119,3.19595207637855e-16,"*",0.739583683383208
"5","posture:congruentTrialType",1,50,0.000426660748340172,0.0654582962190435,0.00130916592438087,0.325902729665033,0.570638758296909,"",0.00647584468411188
"6","posture:switchTrialType",1,50,8.70057562230319e-05,0.0521106124241726,0.00104221224848345,0.0834818016672094,0.77382786252862,"",0.00166685299552058
"7","congruentTrialType:switchTrialType",1,50,0.00991473276319877,0.0460719653714463,0.000921439307428926,10.7600497214121,0.00189341933514879,"*",0.177090864321992
"8","posture:congruentTrialType:switchTrialType",1,50,0.000576939516253489,0.0699582005937672,0.00139916401187534,0.412345880366232,0.523714633904468,"",0.00817946225602697
