"","Effect","DFn","DFd","SSn","SSd","F","p","p..05","pes"
"1","(Intercept)",1,50,333.161605831704,0.843927192450227,19738.764718815,1.3019518425721e-66,"*",0.997473313735826
"2","posture",1,50,0.00938694267608792,0.442041487098479,1.06177168320817,0.307770291291091,"",0.0207938668833408
"3","congruentTrialType",1,50,0.857757855249155,0.430341364563473,99.6601681689654,1.70244409698621e-13,"*",0.665909770036137
"4","switchTrialType",1,50,0.26333768075782,0.143054067888471,92.0413115980474,6.36728248991392e-13,"*",0.647989733145443
"5","posture:congruentTrialType",1,50,0.000103852578143839,0.209200921226623,0.0248212525869659,0.875447804212842,"",0.000496178736184536
"6","posture:switchTrialType",1,50,0.0017677314202501,0.120001073103044,0.736548171836831,0.3948643765339,"",0.0145171123849864
"7","congruentTrialType:switchTrialType",1,50,0.0885122045912074,0.075736244001362,58.4345089714349,5.9253024582279e-10,"*",0.538892180411205
"8","posture:congruentTrialType:switchTrialType",1,50,0.00236023025628868,0.0940142740597819,1.25525101368536,0.267904698662293,"",0.0244901934701324
