"","Effect","DFn","DFd","SSn","SSd","MSE","F","p","p..05","pes"
"1","(Intercept)",1,50,137.15271716179,4.88081880573318,NA,1405.01750444706,2.88486104745137e-38,"*",0.965636152247528
"2","posture",1,50,4.05932780403474e-07,0.496102379766619,0.00992204759533238,4.09121984654092e-05,0.994922006718301,"",8.18243299785538e-07
"3","congruentTrialType",1,50,0.161734584967594,0.165110676650494,0.00330221353300989,48.9776276884727,6.03558524068812e-09,"*",0.494835336351235
"4","switchTrialType",1,50,0.542323335592528,0.208311016087313,0.00416622032174625,130.171544880088,1.58420230098567e-15,"*",0.722486699921028
"5","posture:congruentTrialType",1,50,0.000276614186363308,0.0796134504809609,0.00159226900961922,0.173723274580002,0.678607827288526,"",0.00346243537935758
"6","posture:switchTrialType",1,50,5.77466804923662e-06,0.0759541201742416,0.00151908240348483,0.00380141856425255,0.951082866553145,"",7.60225914112451e-05
"7","congruentTrialType:switchTrialType",1,50,0.0179301534174621,0.0626165720209398,0.0012523314404188,14.3174185672972,0.000414039506970275,"*",0.222605615807115
"8","posture:congruentTrialType:switchTrialType",1,50,0.0007751416265588,0.0776182107320707,0.00155236421464141,0.499329744429759,0.483074934851439,"",0.00988784894684342
