"","Effect","DFn","DFd","SSn","SSd","MSE","F","p","p..05","pes"
"1","(Intercept)",1,50,137.128655395876,4.87941545436723,NA,1405.17503252507,2.87705843756806e-38,"*",0.965639872261113
"2","posture",1,50,1.52265248894729e-07,0.497084753612661,0.00994169507225322,1.53158236888288e-05,0.996893024832843,"",3.06316379946823e-07
"3","congruentTrialType",1,50,0.160909325107878,0.166130107279738,0.00332260214559477,48.4287067957316,6.95427955292863e-09,"*",0.492018115164668
"4","switchTrialType",1,50,0.540811270627106,0.205958109785997,0.00411916219571995,131.291569724795,1.35530559014911e-15,"*",0.724201185549327
"5","posture:congruentTrialType",1,50,0.000311842493114083,0.0804077566767223,0.00160815513353445,0.193913190718552,0.661577382828461,"",0.00386328099149696
"6","posture:switchTrialType",1,50,1.89258779226086e-06,0.0760902018642187,0.00152180403728437,0.00124364750381274,0.972008538480151,"",2.48723314279969e-05
"7","congruentTrialType:switchTrialType",1,50,0.0176560798635312,0.0628886521726432,0.00125777304345286,14.0375721641016,0.00046480993483173,"*",0.219208375485085
"8","posture:congruentTrialType:switchTrialType",1,50,0.000718991939001937,0.0789055003185572,0.00157811000637114,0.455603181083209,0.50279552822363,"",0.00902978365847827
