"","Effect","DFn","DFd","SSn","SSd","F","p","p..05","pes"
"1","(Intercept)",1,29,204.8908871886,0.24225539811911,24527.1551205971,5.18422150530869e-44,"*",0.998819033360167
"2","posture",1,29,0.0121540979672933,0.123099400428251,2.86328641589885,0.101341591106125,"",0.0898616162352342
"3","con",1,29,0.271999101637008,0.117039742858508,67.3956876085173,4.72934877629143e-09,"*",0.699156666449904
"4","switch",1,29,0.140303177174588,0.0646447028614327,62.9408436880682,9.48283504201443e-09,"*",0.684579792432734
"5","posture:con",1,29,0.00273442386702157,0.0470821029062047,1.68425552914662,0.204588162869362,"",0.054889893859304
"6","posture:switch",1,29,0.00709918012110916,0.0371553388795882,5.54095938081368,0.02556408015481,"*",0.16041706658245
"7","con:switch",1,29,0.0324863695673169,0.040371013743868,23.3361669694333,4.05982892894267e-05,"*",0.445889875409918
"8","posture:con:switch",1,29,0.000524439190160067,0.0303174780553214,0.50164913080468,0.484430932918919,"",0.0170041047054849
