"","Effect","DFn","DFd","SSn","SSd","MSE","F","p","p..05","pes"
"1","(Intercept)",1,50,137.15271716179,4.88081880573318,NA,1405.01750444706,2.88486104745137e-38,"*",0.965636152247528
"2","posture",1,50,4.05932780402045e-07,0.496102379766619,0.00992204759533238,4.09121984652652e-05,0.99492200671831,"",8.18243299782658e-07
"3","congruentTrialType",1,50,0.161734584967596,0.165110676650495,0.00330221353300989,48.977627688473,6.03558524068758e-09,"*",0.494835336351237
"4","switchTrialType",1,50,0.542323335592529,0.208311016087313,0.00416622032174626,130.171544880088,1.58420230098566e-15,"*",0.722486699921028
"5","posture:congruentTrialType",1,50,0.000276614186363308,0.0796134504809608,0.00159226900961922,0.173723274580003,0.678607827288526,"",0.00346243537935758
"6","posture:switchTrialType",1,50,5.7746680492447e-06,0.0759541201742416,0.00151908240348483,0.00380141856425787,0.95108286655311,"",7.60225914113515e-05
"7","congruentTrialType:switchTrialType",1,50,0.0179301534174618,0.0626165720209398,0.0012523314404188,14.3174185672969,0.000414039506970316,"*",0.222605615807112
"8","posture:congruentTrialType:switchTrialType",1,50,0.000775141626558675,0.0776182107320708,0.00155236421464142,0.499329744429677,0.483074934851474,"",0.00988784894684183
