"","Effect","DFn","DFd","SSn","SSd","MSE","F","p","p..05","pes"
"1","(Intercept)",1,50,142.870499873283,4.29367155368456,NA,1663.73345151052,4.80984520371411e-40,"*",0.970823934167867
"2","posture",1,50,3.97959545614011e-05,0.433474167538031,0.00866948335076062,0.004590349038263,0.946253177021077,"",9.17985530172689e-05
"3","congruentTrialType",1,50,0.136393804394474,0.144780680632113,0.00289561361264227,47.1035927580177,9.82366056984787e-09,"*",0.485085993423538
"4","switchTrialType",1,50,0.468202209764596,0.164859633383182,0.00329719266766365,142.000258085118,3.19595207637894e-16,"*",0.739583683383207
"5","posture:congruentTrialType",1,50,0.000426660748340137,0.0654582962190435,0.00130916592438087,0.325902729665006,0.570638758296925,"",0.00647584468411136
"6","posture:switchTrialType",1,50,8.70057562230424e-05,0.0521106124241726,0.00104221224848345,0.0834818016672195,0.773827862528607,"",0.00166685299552078
"7","congruentTrialType:switchTrialType",1,50,0.00991473276319855,0.0460719653714463,0.000921439307428927,10.7600497214118,0.00189341933514899,"*",0.177090864321989
"8","posture:congruentTrialType:switchTrialType",1,50,0.000576939516253542,0.0699582005937672,0.00139916401187534,0.412345880366271,0.523714633904448,"",0.00817946225602773
